ALTER SESSION SET CONTAINER=RSA;

INSERT ALL
  INTO REGIONE_ITALIANA (ID_REGIONE, NOME) VALUES ('01', 'Piemonte')
  INTO REGIONE_ITALIANA (ID_REGIONE, NOME) VALUES ('02', 'Valle d''Aosta/Vallée d''Aoste')
  INTO REGIONE_ITALIANA (ID_REGIONE, NOME) VALUES ('03', 'Lombardia')
  INTO REGIONE_ITALIANA (ID_REGIONE, NOME) VALUES ('04', 'Trentino-Alto Adige/Südtirol')
  INTO REGIONE_ITALIANA (ID_REGIONE, NOME) VALUES ('05', 'Veneto')
  INTO REGIONE_ITALIANA (ID_REGIONE, NOME) VALUES ('06', 'Friuli-Venezia Giulia')
  INTO REGIONE_ITALIANA (ID_REGIONE, NOME) VALUES ('07', 'Liguria')
  INTO REGIONE_ITALIANA (ID_REGIONE, NOME) VALUES ('08', 'Emilia-Romagna')
  INTO REGIONE_ITALIANA (ID_REGIONE, NOME) VALUES ('09', 'Toscana')
  INTO REGIONE_ITALIANA (ID_REGIONE, NOME) VALUES ('10', 'Umbria')
  INTO REGIONE_ITALIANA (ID_REGIONE, NOME) VALUES ('11', 'Marche')
  INTO REGIONE_ITALIANA (ID_REGIONE, NOME) VALUES ('12', 'Lazio')
  INTO REGIONE_ITALIANA (ID_REGIONE, NOME) VALUES ('13', 'Abruzzo')
  INTO REGIONE_ITALIANA (ID_REGIONE, NOME) VALUES ('14', 'Molise')
  INTO REGIONE_ITALIANA (ID_REGIONE, NOME) VALUES ('15', 'Campania')
  INTO REGIONE_ITALIANA (ID_REGIONE, NOME) VALUES ('16', 'Puglia')
  INTO REGIONE_ITALIANA (ID_REGIONE, NOME) VALUES ('17', 'Basilicata')
  INTO REGIONE_ITALIANA (ID_REGIONE, NOME) VALUES ('18', 'Calabria')
  INTO REGIONE_ITALIANA (ID_REGIONE, NOME) VALUES ('19', 'Sicilia')
  INTO REGIONE_ITALIANA (ID_REGIONE, NOME) VALUES ('20', 'Sardegna')
SELECT * FROM dual;

INSERT ALL
  INTO PROVINCIA_ITALIANA (SIGLA, NOME, CE_REGIONE) VALUES ('AG', 'Agrigento', '19')
  INTO PROVINCIA_ITALIANA (SIGLA, NOME, CE_REGIONE) VALUES ('AL', 'Alessandria', '01')
  INTO PROVINCIA_ITALIANA (SIGLA, NOME, CE_REGIONE) VALUES ('AN', 'Ancona', '11')
  INTO PROVINCIA_ITALIANA (SIGLA, NOME, CE_REGIONE) VALUES ('AO', 'Valle d''Aosta/Vallée d''Aoste', '02')
  INTO PROVINCIA_ITALIANA (SIGLA, NOME, CE_REGIONE) VALUES ('AP', 'Ascoli Piceno', '11')
  INTO PROVINCIA_ITALIANA (SIGLA, NOME, CE_REGIONE) VALUES ('AQ', 'L''Aquila', '13')
  INTO PROVINCIA_ITALIANA (SIGLA, NOME, CE_REGIONE) VALUES ('AR', 'Arezzo', '09')
  INTO PROVINCIA_ITALIANA (SIGLA, NOME, CE_REGIONE) VALUES ('AT', 'Asti', '01')
  INTO PROVINCIA_ITALIANA (SIGLA, NOME, CE_REGIONE) VALUES ('AV', 'Avellino', '15')
  INTO PROVINCIA_ITALIANA (SIGLA, NOME, CE_REGIONE) VALUES ('BA', 'Bari', '16')
  INTO PROVINCIA_ITALIANA (SIGLA, NOME, CE_REGIONE) VALUES ('BG', 'Bergamo', '03')
  INTO PROVINCIA_ITALIANA (SIGLA, NOME, CE_REGIONE) VALUES ('BI', 'Biella', '01')
  INTO PROVINCIA_ITALIANA (SIGLA, NOME, CE_REGIONE) VALUES ('BL', 'Belluno', '05')
  INTO PROVINCIA_ITALIANA (SIGLA, NOME, CE_REGIONE) VALUES ('BN', 'Benevento', '15')
  INTO PROVINCIA_ITALIANA (SIGLA, NOME, CE_REGIONE) VALUES ('BO', 'Bologna', '08')
  INTO PROVINCIA_ITALIANA (SIGLA, NOME, CE_REGIONE) VALUES ('BR', 'Brindisi', '16')
  INTO PROVINCIA_ITALIANA (SIGLA, NOME, CE_REGIONE) VALUES ('BS', 'Brescia', '03')
  INTO PROVINCIA_ITALIANA (SIGLA, NOME, CE_REGIONE) VALUES ('BT', 'Barletta-Andria-Trani', '16')
  INTO PROVINCIA_ITALIANA (SIGLA, NOME, CE_REGIONE) VALUES ('BZ', 'Bolzano/Bozen', '04')
  INTO PROVINCIA_ITALIANA (SIGLA, NOME, CE_REGIONE) VALUES ('CA', 'Cagliari', '20')
  INTO PROVINCIA_ITALIANA (SIGLA, NOME, CE_REGIONE) VALUES ('CB', 'Campobasso', '14')
  INTO PROVINCIA_ITALIANA (SIGLA, NOME, CE_REGIONE) VALUES ('CE', 'Caserta', '15')
  INTO PROVINCIA_ITALIANA (SIGLA, NOME, CE_REGIONE) VALUES ('CH', 'Chieti', '13')
  INTO PROVINCIA_ITALIANA (SIGLA, NOME, CE_REGIONE) VALUES ('CI', 'Carbonia-Iglesias', '20')
  INTO PROVINCIA_ITALIANA (SIGLA, NOME, CE_REGIONE) VALUES ('CL', 'Caltanissetta', '19')
  INTO PROVINCIA_ITALIANA (SIGLA, NOME, CE_REGIONE) VALUES ('CN', 'Cuneo', '01')
  INTO PROVINCIA_ITALIANA (SIGLA, NOME, CE_REGIONE) VALUES ('CO', 'Como', '03')
  INTO PROVINCIA_ITALIANA (SIGLA, NOME, CE_REGIONE) VALUES ('CR', 'Cremona', '03')
  INTO PROVINCIA_ITALIANA (SIGLA, NOME, CE_REGIONE) VALUES ('CS', 'Cosenza', '18')
  INTO PROVINCIA_ITALIANA (SIGLA, NOME, CE_REGIONE) VALUES ('CT', 'Catania', '19')
  INTO PROVINCIA_ITALIANA (SIGLA, NOME, CE_REGIONE) VALUES ('CZ', 'Catanzaro', '18')
  INTO PROVINCIA_ITALIANA (SIGLA, NOME, CE_REGIONE) VALUES ('EN', 'Enna', '19')
  INTO PROVINCIA_ITALIANA (SIGLA, NOME, CE_REGIONE) VALUES ('FC', 'Forlì-Cesena', '08')
  INTO PROVINCIA_ITALIANA (SIGLA, NOME, CE_REGIONE) VALUES ('FE', 'Ferrara', '08')
  INTO PROVINCIA_ITALIANA (SIGLA, NOME, CE_REGIONE) VALUES ('FG', 'Foggia', '16')
  INTO PROVINCIA_ITALIANA (SIGLA, NOME, CE_REGIONE) VALUES ('FI', 'Firenze', '09')
  INTO PROVINCIA_ITALIANA (SIGLA, NOME, CE_REGIONE) VALUES ('FM', 'Fermo', '11')
  INTO PROVINCIA_ITALIANA (SIGLA, NOME, CE_REGIONE) VALUES ('FR', 'Frosinone', '12')
  INTO PROVINCIA_ITALIANA (SIGLA, NOME, CE_REGIONE) VALUES ('GE', 'Genova', '07')
  INTO PROVINCIA_ITALIANA (SIGLA, NOME, CE_REGIONE) VALUES ('GO', 'Gorizia', '06')
  INTO PROVINCIA_ITALIANA (SIGLA, NOME, CE_REGIONE) VALUES ('GR', 'Grosseto', '09')
  INTO PROVINCIA_ITALIANA (SIGLA, NOME, CE_REGIONE) VALUES ('IM', 'Imperia', '07')
  INTO PROVINCIA_ITALIANA (SIGLA, NOME, CE_REGIONE) VALUES ('IS', 'Isernia', '14')
  INTO PROVINCIA_ITALIANA (SIGLA, NOME, CE_REGIONE) VALUES ('KR', 'Crotone', '18')
  INTO PROVINCIA_ITALIANA (SIGLA, NOME, CE_REGIONE) VALUES ('LC', 'Lecco', '03')
  INTO PROVINCIA_ITALIANA (SIGLA, NOME, CE_REGIONE) VALUES ('LE', 'Lecce', '16')
  INTO PROVINCIA_ITALIANA (SIGLA, NOME, CE_REGIONE) VALUES ('LI', 'Livorno', '09')
  INTO PROVINCIA_ITALIANA (SIGLA, NOME, CE_REGIONE) VALUES ('LO', 'Lodi', '03')
  INTO PROVINCIA_ITALIANA (SIGLA, NOME, CE_REGIONE) VALUES ('LT', 'Latina', '12')
  INTO PROVINCIA_ITALIANA (SIGLA, NOME, CE_REGIONE) VALUES ('LU', 'Lucca', '09')
  INTO PROVINCIA_ITALIANA (SIGLA, NOME, CE_REGIONE) VALUES ('MB', 'Monza e della Brianza', '03')
  INTO PROVINCIA_ITALIANA (SIGLA, NOME, CE_REGIONE) VALUES ('MC', 'Macerata', '11')
  INTO PROVINCIA_ITALIANA (SIGLA, NOME, CE_REGIONE) VALUES ('ME', 'Messina', '19')
  INTO PROVINCIA_ITALIANA (SIGLA, NOME, CE_REGIONE) VALUES ('MI', 'Milano', '03')
  INTO PROVINCIA_ITALIANA (SIGLA, NOME, CE_REGIONE) VALUES ('MN', 'Mantova', '03')
  INTO PROVINCIA_ITALIANA (SIGLA, NOME, CE_REGIONE) VALUES ('MO', 'Modena', '08')
  INTO PROVINCIA_ITALIANA (SIGLA, NOME, CE_REGIONE) VALUES ('MS', 'Massa-Carrara', '09')
  INTO PROVINCIA_ITALIANA (SIGLA, NOME, CE_REGIONE) VALUES ('MT', 'Matera', '17')
  INTO PROVINCIA_ITALIANA (SIGLA, NOME, CE_REGIONE) VALUES ('NA', 'Napoli', '15')
  INTO PROVINCIA_ITALIANA (SIGLA, NOME, CE_REGIONE) VALUES ('NO', 'Novara', '01')
  INTO PROVINCIA_ITALIANA (SIGLA, NOME, CE_REGIONE) VALUES ('NU', 'Nuoro', '20')
  INTO PROVINCIA_ITALIANA (SIGLA, NOME, CE_REGIONE) VALUES ('OG', 'Ogliastra', '20')
  INTO PROVINCIA_ITALIANA (SIGLA, NOME, CE_REGIONE) VALUES ('OR', 'Oristano', '20')
  INTO PROVINCIA_ITALIANA (SIGLA, NOME, CE_REGIONE) VALUES ('OT', 'Olbia-Tempio', '20')
  INTO PROVINCIA_ITALIANA (SIGLA, NOME, CE_REGIONE) VALUES ('PA', 'Palermo', '19')
  INTO PROVINCIA_ITALIANA (SIGLA, NOME, CE_REGIONE) VALUES ('PC', 'Piacenza', '08')
  INTO PROVINCIA_ITALIANA (SIGLA, NOME, CE_REGIONE) VALUES ('PD', 'Padova', '05')
  INTO PROVINCIA_ITALIANA (SIGLA, NOME, CE_REGIONE) VALUES ('PE', 'Pescara', '13')
  INTO PROVINCIA_ITALIANA (SIGLA, NOME, CE_REGIONE) VALUES ('PG', 'Perugia', '10')
  INTO PROVINCIA_ITALIANA (SIGLA, NOME, CE_REGIONE) VALUES ('PI', 'Pisa', '09')
  INTO PROVINCIA_ITALIANA (SIGLA, NOME, CE_REGIONE) VALUES ('PN', 'Pordenone', '06')
  INTO PROVINCIA_ITALIANA (SIGLA, NOME, CE_REGIONE) VALUES ('PO', 'Prato', '09')
  INTO PROVINCIA_ITALIANA (SIGLA, NOME, CE_REGIONE) VALUES ('PR', 'Parma', '08')
  INTO PROVINCIA_ITALIANA (SIGLA, NOME, CE_REGIONE) VALUES ('PT', 'Pistoia', '09')
  INTO PROVINCIA_ITALIANA (SIGLA, NOME, CE_REGIONE) VALUES ('PU', 'Pesaro e Urbino', '11')
  INTO PROVINCIA_ITALIANA (SIGLA, NOME, CE_REGIONE) VALUES ('PV', 'Pavia', '03')
  INTO PROVINCIA_ITALIANA (SIGLA, NOME, CE_REGIONE) VALUES ('PZ', 'Potenza', '17')
  INTO PROVINCIA_ITALIANA (SIGLA, NOME, CE_REGIONE) VALUES ('RA', 'Ravenna', '08')
  INTO PROVINCIA_ITALIANA (SIGLA, NOME, CE_REGIONE) VALUES ('RC', 'Reggio di Calabria', '18')
  INTO PROVINCIA_ITALIANA (SIGLA, NOME, CE_REGIONE) VALUES ('RE', 'Reggio nell''Emilia', '08')
  INTO PROVINCIA_ITALIANA (SIGLA, NOME, CE_REGIONE) VALUES ('RG', 'Ragusa', '19')
  INTO PROVINCIA_ITALIANA (SIGLA, NOME, CE_REGIONE) VALUES ('RI', 'Rieti', '12')
  INTO PROVINCIA_ITALIANA (SIGLA, NOME, CE_REGIONE) VALUES ('RM', 'Roma', '12')
  INTO PROVINCIA_ITALIANA (SIGLA, NOME, CE_REGIONE) VALUES ('RN', 'Rimini', '08')
  INTO PROVINCIA_ITALIANA (SIGLA, NOME, CE_REGIONE) VALUES ('RO', 'Rovigo', '05')
  INTO PROVINCIA_ITALIANA (SIGLA, NOME, CE_REGIONE) VALUES ('SA', 'Salerno', '15')
  INTO PROVINCIA_ITALIANA (SIGLA, NOME, CE_REGIONE) VALUES ('SI', 'Siena', '09')
  INTO PROVINCIA_ITALIANA (SIGLA, NOME, CE_REGIONE) VALUES ('SO', 'Sondrio', '03')
  INTO PROVINCIA_ITALIANA (SIGLA, NOME, CE_REGIONE) VALUES ('SP', 'La Spezia', '07')
  INTO PROVINCIA_ITALIANA (SIGLA, NOME, CE_REGIONE) VALUES ('SR', 'Siracusa', '19')
  INTO PROVINCIA_ITALIANA (SIGLA, NOME, CE_REGIONE) VALUES ('SS', 'Sassari', '20')
  INTO PROVINCIA_ITALIANA (SIGLA, NOME, CE_REGIONE) VALUES ('SV', 'Savona', '07')
  INTO PROVINCIA_ITALIANA (SIGLA, NOME, CE_REGIONE) VALUES ('TA', 'Taranto', '16')
  INTO PROVINCIA_ITALIANA (SIGLA, NOME, CE_REGIONE) VALUES ('TE', 'Teramo', '13')
  INTO PROVINCIA_ITALIANA (SIGLA, NOME, CE_REGIONE) VALUES ('TN', 'Trento', '04')
  INTO PROVINCIA_ITALIANA (SIGLA, NOME, CE_REGIONE) VALUES ('TO', 'Torino', '01')
  INTO PROVINCIA_ITALIANA (SIGLA, NOME, CE_REGIONE) VALUES ('TP', 'Trapani', '19')
  INTO PROVINCIA_ITALIANA (SIGLA, NOME, CE_REGIONE) VALUES ('TR', 'Terni', '10')
  INTO PROVINCIA_ITALIANA (SIGLA, NOME, CE_REGIONE) VALUES ('TS', 'Trieste', '06')
  INTO PROVINCIA_ITALIANA (SIGLA, NOME, CE_REGIONE) VALUES ('TV', 'Treviso', '05')
  INTO PROVINCIA_ITALIANA (SIGLA, NOME, CE_REGIONE) VALUES ('UD', 'Udine', '06')
  INTO PROVINCIA_ITALIANA (SIGLA, NOME, CE_REGIONE) VALUES ('VA', 'Varese', '03')
  INTO PROVINCIA_ITALIANA (SIGLA, NOME, CE_REGIONE) VALUES ('VB', 'Verbano-Cusio-Ossola', '01')
  INTO PROVINCIA_ITALIANA (SIGLA, NOME, CE_REGIONE) VALUES ('VC', 'Vercelli', '01')
  INTO PROVINCIA_ITALIANA (SIGLA, NOME, CE_REGIONE) VALUES ('VE', 'Venezia', '05')
  INTO PROVINCIA_ITALIANA (SIGLA, NOME, CE_REGIONE) VALUES ('VI', 'Vicenza', '05')
  INTO PROVINCIA_ITALIANA (SIGLA, NOME, CE_REGIONE) VALUES ('VR', 'Verona', '05')
  INTO PROVINCIA_ITALIANA (SIGLA, NOME, CE_REGIONE) VALUES ('VS', 'Medio Campidano', '20')
  INTO PROVINCIA_ITALIANA (SIGLA, NOME, CE_REGIONE) VALUES ('VT', 'Viterbo', '12')
  INTO PROVINCIA_ITALIANA (SIGLA, NOME, CE_REGIONE) VALUES ('VV', 'Vibo Valentia', '18')
SELECT * FROM dual;

INSERT ALL
  INTO CITTA_ITALIANA (ID_COMUNE, NOME, CE_PROVINCIA) VALUES ('001272', 'Torino', 'TO')
  INTO CITTA_ITALIANA (ID_COMUNE, NOME, CE_PROVINCIA) VALUES ('002158', 'Vercelli', 'VC')
  INTO CITTA_ITALIANA (ID_COMUNE, NOME, CE_PROVINCIA) VALUES ('003106', 'Novara', 'NO')
  INTO CITTA_ITALIANA (ID_COMUNE, NOME, CE_PROVINCIA) VALUES ('004078', 'Cuneo', 'CN')
  INTO CITTA_ITALIANA (ID_COMUNE, NOME, CE_PROVINCIA) VALUES ('005005', 'Asti', 'AT')
  INTO CITTA_ITALIANA (ID_COMUNE, NOME, CE_PROVINCIA) VALUES ('006003', 'Alessandria', 'AL')
  INTO CITTA_ITALIANA (ID_COMUNE, NOME, CE_PROVINCIA) VALUES ('007003', 'Aosta', 'AO')
  INTO CITTA_ITALIANA (ID_COMUNE, NOME, CE_PROVINCIA) VALUES ('008031', 'Imperia', 'IM')
  INTO CITTA_ITALIANA (ID_COMUNE, NOME, CE_PROVINCIA) VALUES ('009056', 'Savona', 'SV')
  INTO CITTA_ITALIANA (ID_COMUNE, NOME, CE_PROVINCIA) VALUES ('010025', 'Genova', 'GE')
  INTO CITTA_ITALIANA (ID_COMUNE, NOME, CE_PROVINCIA) VALUES ('011015', 'La Spezia', 'SP')
  INTO CITTA_ITALIANA (ID_COMUNE, NOME, CE_PROVINCIA) VALUES ('012133', 'Varese', 'VA')
  INTO CITTA_ITALIANA (ID_COMUNE, NOME, CE_PROVINCIA) VALUES ('013075', 'Como', 'CO')
  INTO CITTA_ITALIANA (ID_COMUNE, NOME, CE_PROVINCIA) VALUES ('014061', 'Sondrio', 'SO')
  INTO CITTA_ITALIANA (ID_COMUNE, NOME, CE_PROVINCIA) VALUES ('015146', 'Milano', 'MI')
  INTO CITTA_ITALIANA (ID_COMUNE, NOME, CE_PROVINCIA) VALUES ('016024', 'Bergamo', 'BG')
  INTO CITTA_ITALIANA (ID_COMUNE, NOME, CE_PROVINCIA) VALUES ('017029', 'Brescia', 'BS')
  INTO CITTA_ITALIANA (ID_COMUNE, NOME, CE_PROVINCIA) VALUES ('018110', 'Pavia', 'PV')
  INTO CITTA_ITALIANA (ID_COMUNE, NOME, CE_PROVINCIA) VALUES ('019036', 'Cremona', 'CR')
  INTO CITTA_ITALIANA (ID_COMUNE, NOME, CE_PROVINCIA) VALUES ('020030', 'Mantova', 'MN')
  INTO CITTA_ITALIANA (ID_COMUNE, NOME, CE_PROVINCIA) VALUES ('021008', 'Bolzano/Bozen', 'BZ')
  INTO CITTA_ITALIANA (ID_COMUNE, NOME, CE_PROVINCIA) VALUES ('022205', 'Trento', 'TN')
  INTO CITTA_ITALIANA (ID_COMUNE, NOME, CE_PROVINCIA) VALUES ('023091', 'Verona', 'VR')
  INTO CITTA_ITALIANA (ID_COMUNE, NOME, CE_PROVINCIA) VALUES ('024116', 'Vicenza', 'VI')
  INTO CITTA_ITALIANA (ID_COMUNE, NOME, CE_PROVINCIA) VALUES ('025006', 'Belluno', 'BL')
  INTO CITTA_ITALIANA (ID_COMUNE, NOME, CE_PROVINCIA) VALUES ('026086', 'Treviso', 'TV')
  INTO CITTA_ITALIANA (ID_COMUNE, NOME, CE_PROVINCIA) VALUES ('027042', 'Venezia', 'VE')
  INTO CITTA_ITALIANA (ID_COMUNE, NOME, CE_PROVINCIA) VALUES ('028060', 'Padova', 'PD')
  INTO CITTA_ITALIANA (ID_COMUNE, NOME, CE_PROVINCIA) VALUES ('029041', 'Rovigo', 'RO')
  INTO CITTA_ITALIANA (ID_COMUNE, NOME, CE_PROVINCIA) VALUES ('030129', 'Udine', 'UD')
  INTO CITTA_ITALIANA (ID_COMUNE, NOME, CE_PROVINCIA) VALUES ('031007', 'Gorizia', 'GO')
  INTO CITTA_ITALIANA (ID_COMUNE, NOME, CE_PROVINCIA) VALUES ('032006', 'Trieste', 'TS')
  INTO CITTA_ITALIANA (ID_COMUNE, NOME, CE_PROVINCIA) VALUES ('033032', 'Piacenza', 'PC')
  INTO CITTA_ITALIANA (ID_COMUNE, NOME, CE_PROVINCIA) VALUES ('034027', 'Parma', 'PR')
  INTO CITTA_ITALIANA (ID_COMUNE, NOME, CE_PROVINCIA) VALUES ('035033', 'Reggio nell''Emilia', 'RE')
  INTO CITTA_ITALIANA (ID_COMUNE, NOME, CE_PROVINCIA) VALUES ('036023', 'Modena', 'MO')
  INTO CITTA_ITALIANA (ID_COMUNE, NOME, CE_PROVINCIA) VALUES ('037006', 'Bologna', 'BO')
  INTO CITTA_ITALIANA (ID_COMUNE, NOME, CE_PROVINCIA) VALUES ('038008', 'Ferrara', 'FE')
  INTO CITTA_ITALIANA (ID_COMUNE, NOME, CE_PROVINCIA) VALUES ('039014', 'Ravenna', 'RA')
  INTO CITTA_ITALIANA (ID_COMUNE, NOME, CE_PROVINCIA) VALUES ('040012', 'Forlì', 'FC')
  INTO CITTA_ITALIANA (ID_COMUNE, NOME, CE_PROVINCIA) VALUES ('041044', 'Pesaro', 'PU')
  INTO CITTA_ITALIANA (ID_COMUNE, NOME, CE_PROVINCIA) VALUES ('042002', 'Ancona', 'AN')
  INTO CITTA_ITALIANA (ID_COMUNE, NOME, CE_PROVINCIA) VALUES ('043023', 'Macerata', 'MC')
  INTO CITTA_ITALIANA (ID_COMUNE, NOME, CE_PROVINCIA) VALUES ('044007', 'Ascoli Piceno', 'AP')
  INTO CITTA_ITALIANA (ID_COMUNE, NOME, CE_PROVINCIA) VALUES ('045010', 'Massa', 'MS')
  INTO CITTA_ITALIANA (ID_COMUNE, NOME, CE_PROVINCIA) VALUES ('046017', 'Lucca', 'LU')
  INTO CITTA_ITALIANA (ID_COMUNE, NOME, CE_PROVINCIA) VALUES ('047014', 'Pistoia', 'PT')
  INTO CITTA_ITALIANA (ID_COMUNE, NOME, CE_PROVINCIA) VALUES ('048017', 'Firenze', 'FI')
  INTO CITTA_ITALIANA (ID_COMUNE, NOME, CE_PROVINCIA) VALUES ('049009', 'Livorno', 'LI')
  INTO CITTA_ITALIANA (ID_COMUNE, NOME, CE_PROVINCIA) VALUES ('050026', 'Pisa', 'PI')
  INTO CITTA_ITALIANA (ID_COMUNE, NOME, CE_PROVINCIA) VALUES ('051002', 'Arezzo', 'AR')
  INTO CITTA_ITALIANA (ID_COMUNE, NOME, CE_PROVINCIA) VALUES ('052032', 'Siena', 'SI')
  INTO CITTA_ITALIANA (ID_COMUNE, NOME, CE_PROVINCIA) VALUES ('053011', 'Grosseto', 'GR')
  INTO CITTA_ITALIANA (ID_COMUNE, NOME, CE_PROVINCIA) VALUES ('054039', 'Perugia', 'PG')
  INTO CITTA_ITALIANA (ID_COMUNE, NOME, CE_PROVINCIA) VALUES ('055032', 'Terni', 'TR')
  INTO CITTA_ITALIANA (ID_COMUNE, NOME, CE_PROVINCIA) VALUES ('056059', 'Viterbo', 'VT')
  INTO CITTA_ITALIANA (ID_COMUNE, NOME, CE_PROVINCIA) VALUES ('057059', 'Rieti', 'RI')
  INTO CITTA_ITALIANA (ID_COMUNE, NOME, CE_PROVINCIA) VALUES ('058091', 'Roma', 'RM')
  INTO CITTA_ITALIANA (ID_COMUNE, NOME, CE_PROVINCIA) VALUES ('059011', 'Latina', 'LT')
  INTO CITTA_ITALIANA (ID_COMUNE, NOME, CE_PROVINCIA) VALUES ('060038', 'Frosinone', 'FR')
  INTO CITTA_ITALIANA (ID_COMUNE, NOME, CE_PROVINCIA) VALUES ('061022', 'Caserta', 'CE')
  INTO CITTA_ITALIANA (ID_COMUNE, NOME, CE_PROVINCIA) VALUES ('062008', 'Benevento', 'BN')
  INTO CITTA_ITALIANA (ID_COMUNE, NOME, CE_PROVINCIA) VALUES ('063049', 'Napoli', 'NA')
  INTO CITTA_ITALIANA (ID_COMUNE, NOME, CE_PROVINCIA) VALUES ('064008', 'Avellino', 'AV')
  INTO CITTA_ITALIANA (ID_COMUNE, NOME, CE_PROVINCIA) VALUES ('065116', 'Salerno', 'SA')
  INTO CITTA_ITALIANA (ID_COMUNE, NOME, CE_PROVINCIA) VALUES ('066049', 'L''Aquila', 'AQ')
  INTO CITTA_ITALIANA (ID_COMUNE, NOME, CE_PROVINCIA) VALUES ('067041', 'Teramo', 'TE')
  INTO CITTA_ITALIANA (ID_COMUNE, NOME, CE_PROVINCIA) VALUES ('068028', 'Pescara', 'PE')
  INTO CITTA_ITALIANA (ID_COMUNE, NOME, CE_PROVINCIA) VALUES ('069022', 'Chieti', 'CH')
  INTO CITTA_ITALIANA (ID_COMUNE, NOME, CE_PROVINCIA) VALUES ('070006', 'Campobasso', 'CB')
  INTO CITTA_ITALIANA (ID_COMUNE, NOME, CE_PROVINCIA) VALUES ('071024', 'Foggia', 'FG')
  INTO CITTA_ITALIANA (ID_COMUNE, NOME, CE_PROVINCIA) VALUES ('072006', 'Bari', 'BA')
  INTO CITTA_ITALIANA (ID_COMUNE, NOME, CE_PROVINCIA) VALUES ('073027', 'Taranto', 'TA')
  INTO CITTA_ITALIANA (ID_COMUNE, NOME, CE_PROVINCIA) VALUES ('074001', 'Brindisi', 'BR')
  INTO CITTA_ITALIANA (ID_COMUNE, NOME, CE_PROVINCIA) VALUES ('075035', 'Lecce', 'LE')
  INTO CITTA_ITALIANA (ID_COMUNE, NOME, CE_PROVINCIA) VALUES ('076063', 'Potenza', 'PZ')
  INTO CITTA_ITALIANA (ID_COMUNE, NOME, CE_PROVINCIA) VALUES ('077014', 'Matera', 'MT')
  INTO CITTA_ITALIANA (ID_COMUNE, NOME, CE_PROVINCIA) VALUES ('078045', 'Cosenza', 'CS')
  INTO CITTA_ITALIANA (ID_COMUNE, NOME, CE_PROVINCIA) VALUES ('079023', 'Catanzaro', 'CZ')
  INTO CITTA_ITALIANA (ID_COMUNE, NOME, CE_PROVINCIA) VALUES ('080063', 'Reggio di Calabria', 'RC')
  INTO CITTA_ITALIANA (ID_COMUNE, NOME, CE_PROVINCIA) VALUES ('081021', 'Trapani', 'TP')
  INTO CITTA_ITALIANA (ID_COMUNE, NOME, CE_PROVINCIA) VALUES ('082053', 'Palermo', 'PA')
  INTO CITTA_ITALIANA (ID_COMUNE, NOME, CE_PROVINCIA) VALUES ('083048', 'Messina', 'ME')
  INTO CITTA_ITALIANA (ID_COMUNE, NOME, CE_PROVINCIA) VALUES ('084001', 'Agrigento', 'AG')
  INTO CITTA_ITALIANA (ID_COMUNE, NOME, CE_PROVINCIA) VALUES ('085004', 'Caltanissetta', 'CL')
  INTO CITTA_ITALIANA (ID_COMUNE, NOME, CE_PROVINCIA) VALUES ('086009', 'Enna', 'EN')
  INTO CITTA_ITALIANA (ID_COMUNE, NOME, CE_PROVINCIA) VALUES ('087015', 'Catania', 'CT')
  INTO CITTA_ITALIANA (ID_COMUNE, NOME, CE_PROVINCIA) VALUES ('088009', 'Ragusa', 'RG')
  INTO CITTA_ITALIANA (ID_COMUNE, NOME, CE_PROVINCIA) VALUES ('089017', 'Siracusa', 'SR')
  INTO CITTA_ITALIANA (ID_COMUNE, NOME, CE_PROVINCIA) VALUES ('090064', 'Sassari', 'SS')
  INTO CITTA_ITALIANA (ID_COMUNE, NOME, CE_PROVINCIA) VALUES ('091051', 'Nuoro', 'NU')
  INTO CITTA_ITALIANA (ID_COMUNE, NOME, CE_PROVINCIA) VALUES ('092009', 'Cagliari', 'CA')
  INTO CITTA_ITALIANA (ID_COMUNE, NOME, CE_PROVINCIA) VALUES ('093033', 'Pordenone', 'PN')
  INTO CITTA_ITALIANA (ID_COMUNE, NOME, CE_PROVINCIA) VALUES ('094023', 'Isernia', 'IS')
  INTO CITTA_ITALIANA (ID_COMUNE, NOME, CE_PROVINCIA) VALUES ('095038', 'Oristano', 'OR')
  INTO CITTA_ITALIANA (ID_COMUNE, NOME, CE_PROVINCIA) VALUES ('096004', 'Biella', 'BI')
  INTO CITTA_ITALIANA (ID_COMUNE, NOME, CE_PROVINCIA) VALUES ('097042', 'Lecco', 'LC')
  INTO CITTA_ITALIANA (ID_COMUNE, NOME, CE_PROVINCIA) VALUES ('098031', 'Lodi', 'LO')
  INTO CITTA_ITALIANA (ID_COMUNE, NOME, CE_PROVINCIA) VALUES ('099014', 'Rimini', 'RN')
  INTO CITTA_ITALIANA (ID_COMUNE, NOME, CE_PROVINCIA) VALUES ('100005', 'Prato', 'PO')
  INTO CITTA_ITALIANA (ID_COMUNE, NOME, CE_PROVINCIA) VALUES ('101010', 'Crotone', 'KR')
  INTO CITTA_ITALIANA (ID_COMUNE, NOME, CE_PROVINCIA) VALUES ('102047', 'Vibo Valentia', 'VV')
  INTO CITTA_ITALIANA (ID_COMUNE, NOME, CE_PROVINCIA) VALUES ('103072', 'Verbania', 'VB')
  INTO CITTA_ITALIANA (ID_COMUNE, NOME, CE_PROVINCIA) VALUES ('104017', 'Olbia', 'OT')
  INTO CITTA_ITALIANA (ID_COMUNE, NOME, CE_PROVINCIA) VALUES ('104025', 'Tempio Pausania', 'OT')
  INTO CITTA_ITALIANA (ID_COMUNE, NOME, CE_PROVINCIA) VALUES ('105010', 'Lanusei', 'OG')
  INTO CITTA_ITALIANA (ID_COMUNE, NOME, CE_PROVINCIA) VALUES ('105018', 'Tortolì', 'OG')
  INTO CITTA_ITALIANA (ID_COMUNE, NOME, CE_PROVINCIA) VALUES ('106015', 'Sanluri', 'VS')
  INTO CITTA_ITALIANA (ID_COMUNE, NOME, CE_PROVINCIA) VALUES ('106025', 'Villacidro', 'VS')
  INTO CITTA_ITALIANA (ID_COMUNE, NOME, CE_PROVINCIA) VALUES ('107003', 'Carbonia', 'CI')
  INTO CITTA_ITALIANA (ID_COMUNE, NOME, CE_PROVINCIA) VALUES ('107009', 'Iglesias', 'CI')
  INTO CITTA_ITALIANA (ID_COMUNE, NOME, CE_PROVINCIA) VALUES ('108033', 'Monza', 'MB')
  INTO CITTA_ITALIANA (ID_COMUNE, NOME, CE_PROVINCIA) VALUES ('109006', 'Fermo', 'FM')
  INTO CITTA_ITALIANA (ID_COMUNE, NOME, CE_PROVINCIA) VALUES ('110001', 'Andria', 'BT')
  INTO CITTA_ITALIANA (ID_COMUNE, NOME, CE_PROVINCIA) VALUES ('110002', 'Barletta', 'BT')
  INTO CITTA_ITALIANA (ID_COMUNE, NOME, CE_PROVINCIA) VALUES ('110009', 'Trani', 'BT')
SELECT * FROM dual;

INSERT ALL
  INTO TIPO_CONTRATTO_DEF (ID, DESCRIZIONE) VALUES ('INDETERMINATO', 'Contratto a tempo indeterminato')
  INTO TIPO_CONTRATTO_DEF (ID, DESCRIZIONE) VALUES ('DETERMINATO',   'Contratto a tempo determinato')
  INTO TIPO_CONTRATTO_DEF (ID, DESCRIZIONE) VALUES ('PART-TIME',     'Part-time')
  INTO TIPO_CONTRATTO_DEF (ID, DESCRIZIONE) VALUES ('COLLABORAZIONE','Collaborazione coordinata e continuativa')
  INTO TIPO_CONTRATTO_DEF (ID, DESCRIZIONE) VALUES ('INTERINALE',    'Contratto interinale')
SELECT * FROM dual;

INSERT ALL
  INTO TURNO_DEF (ID, DESCRIZIONE) VALUES ('MATTINA',     'Turno mattutino 07-14')
  INTO TURNO_DEF (ID, DESCRIZIONE) VALUES ('POMERIGGIO',  'Turno pomeridiano 14-22')
  INTO TURNO_DEF (ID, DESCRIZIONE) VALUES ('NOTTE',       'Turno notturno 22-07')
  INTO TURNO_DEF (ID, DESCRIZIONE) VALUES ('REPERIBILITÀ','Reperibilità')
SELECT * FROM dual;

INSERT ALL
  INTO SPECIALIZZAZIONE (ID, DESCRIZIONE) VALUES ('GERIATRIA',        'Geriatria')
  INTO SPECIALIZZAZIONE (ID, DESCRIZIONE) VALUES ('CARDIOLOGIA',      'Cardiologia')
  INTO SPECIALIZZAZIONE (ID, DESCRIZIONE) VALUES ('NEUROLOGIA',       'Neurologia')
  INTO SPECIALIZZAZIONE (ID, DESCRIZIONE) VALUES ('FISIATRIA',        'Fisiatria')
  INTO SPECIALIZZAZIONE (ID, DESCRIZIONE) VALUES ('MEDICINA_GENERALE','Medicina generale')
  INTO SPECIALIZZAZIONE (ID, DESCRIZIONE) VALUES ('PSICHIATRIA',      'Psichiatria')
SELECT * FROM dual;

INSERT ALL
  INTO QUALIFICA_DEF (ID, DESCRIZIONE) VALUES ('INFERMIERE', 'Infermiere professionale')
  INTO QUALIFICA_DEF (ID, DESCRIZIONE) VALUES ('OSS',        'Operatore socio-sanitario')
SELECT * FROM dual;

INSERT ALL
  INTO STATO_SALUTE_DEF (ID, DESCRIZIONE) VALUES ('STABILE',         'Stabile')
  INTO STATO_SALUTE_DEF (ID, DESCRIZIONE) VALUES ('CRITICO',         'Critico')
  INTO STATO_SALUTE_DEF (ID, DESCRIZIONE) VALUES ('IN_OSSERVAZIONE', 'In osservazione')
  INTO STATO_SALUTE_DEF (ID, DESCRIZIONE) VALUES ('TERMINALE',       'Terminale')
SELECT * FROM dual;

INSERT ALL
  INTO FASCIA_ORARIA_DEF (ID, DESCRIZIONE) VALUES ('MATTINA',    'Mattina')
  INTO FASCIA_ORARIA_DEF (ID, DESCRIZIONE) VALUES ('POMERIGGIO', 'Pomeriggio')
  INTO FASCIA_ORARIA_DEF (ID, DESCRIZIONE) VALUES ('SERA',       'Sera')
  INTO FASCIA_ORARIA_DEF (ID, DESCRIZIONE) VALUES ('NOTTE',      'Notte')
SELECT * FROM dual;

INSERT ALL
  INTO ESITO_SOMM_DEF (ID, DESCRIZIONE) VALUES ('ESEGUITO',    'Eseguito regolarmente')
  INTO ESITO_SOMM_DEF (ID, DESCRIZIONE) VALUES ('RIFIUTATO',   'Rifiutato dal paziente')
  INTO ESITO_SOMM_DEF (ID, DESCRIZIONE) VALUES ('POSTICIPATO', 'Posticipato')
SELECT * FROM dual;

INSERT ALL
  INTO STATO_MANUTENZIONE_DEF (ID, DESCRIZIONE) VALUES ('PIANIFICATO', 'Pianificato')
  INTO STATO_MANUTENZIONE_DEF (ID, DESCRIZIONE) VALUES ('IN_CORSO',    'In corso')
  INTO STATO_MANUTENZIONE_DEF (ID, DESCRIZIONE) VALUES ('COMPLETATO',  'Completato')
  INTO STATO_MANUTENZIONE_DEF (ID, DESCRIZIONE) VALUES ('ANNULLATO',   'Annullato')
SELECT * FROM dual;

INSERT ALL
  INTO GIORNO_SETTIMANA (ID, DESCRIZIONE) VALUES ('LUNEDI',    'Lunedì')
  INTO GIORNO_SETTIMANA (ID, DESCRIZIONE) VALUES ('MARTEDI',   'Martedì')
  INTO GIORNO_SETTIMANA (ID, DESCRIZIONE) VALUES ('MERCOLEDI', 'Mercoledì')
  INTO GIORNO_SETTIMANA (ID, DESCRIZIONE) VALUES ('GIOVEDI',   'Giovedì')
  INTO GIORNO_SETTIMANA (ID, DESCRIZIONE) VALUES ('VENERDI',   'Venerdì')
  INTO GIORNO_SETTIMANA (ID, DESCRIZIONE) VALUES ('SABATO',    'Sabato')
  INTO GIORNO_SETTIMANA (ID, DESCRIZIONE) VALUES ('DOMENICA',  'Domenica')
SELECT * FROM dual;

INSERT ALL
  INTO TIPOLOGIA_DIETA (ID, DESCRIZIONE) VALUES ('STANDARD',    'Standard')
  INTO TIPOLOGIA_DIETA (ID, DESCRIZIONE) VALUES ('IPOCALORICA', 'Ipocalorica')
  INTO TIPOLOGIA_DIETA (ID, DESCRIZIONE) VALUES ('DIABETICA',   'Diabetica')
SELECT * FROM dual;

INSERT ALL
  INTO TIPO_CUOCO_DEF (ID, DESCRIZIONE) VALUES ('ITALIANO',    'Cucina italiana')
  INTO TIPO_CUOCO_DEF (ID, DESCRIZIONE) VALUES ('INTERNAZIONALE','Cucina internazionale')
SELECT * FROM dual;

INSERT ALL
  INTO SETTORE_MANUTENZIONE_DEF (ID, DESCRIZIONE) VALUES ('ELETTRICO',      'Impianti elettrici')
  INTO SETTORE_MANUTENZIONE_DEF (ID, DESCRIZIONE) VALUES ('IDRAULICO',      'Impianti idraulici')
  INTO SETTORE_MANUTENZIONE_DEF (ID, DESCRIZIONE) VALUES ('ELETTRICO_IDRAULICO','Elettrico e idraulico')
  INTO SETTORE_MANUTENZIONE_DEF (ID, DESCRIZIONE) VALUES ('EDILIZIA',       'Edilizia')
  INTO SETTORE_MANUTENZIONE_DEF (ID, DESCRIZIONE) VALUES ('TERMOIDRAULICA', 'Termoidraulica')
SELECT * FROM dual;

INSERT INTO PERSONA (CF, NOME, COGNOME, DATA_NASCITA, CE_CITTA_NASCITA, CE_CITTA_RESIDENZA) VALUES
('VRDLCU75M15H501F', 'Luca',     'Verdi',      DATE '1975-08-15', '058091', '058091');
INSERT INTO PERSONA (CF, NOME, COGNOME, DATA_NASCITA, CE_CITTA_NASCITA, CE_CITTA_RESIDENZA) VALUES
('BNCMRA80A45H501G', 'Marta',    'Bianchi',    DATE '1980-01-05', '058091', '058091');
INSERT INTO PERSONA (CF, NOME, COGNOME, DATA_NASCITA, CE_CITTA_NASCITA, CE_CITTA_RESIDENZA) VALUES
('RSSGPP82T12H501H', 'Giuseppe', 'Rossi',      DATE '1982-12-12', '058091', '058091');
INSERT INTO PERSONA (CF, NOME, COGNOME, DATA_NASCITA, CE_CITTA_NASCITA, CE_CITTA_RESIDENZA) VALUES
('CNTFRN90L15H501I', 'Francesca','Conti',      DATE '1990-07-15', '058091', '058091');
INSERT INTO PERSONA (CF, NOME, COGNOME, DATA_NASCITA, CE_CITTA_NASCITA, CE_CITTA_RESIDENZA) VALUES
('GRGMRC88B25H501L', 'Marco',    'Grigio',     DATE '1988-02-25', '015146', '058091');
INSERT INTO PERSONA (CF, NOME, COGNOME, DATA_NASCITA, CE_CITTA_NASCITA, CE_CITTA_RESIDENZA) VALUES
('PLOMNL85E10H501M', 'Manuela',  'Polo',       DATE '1985-05-10', '037006', '058091');
INSERT INTO PERSONA (CF, NOME, COGNOME, DATA_NASCITA, CE_CITTA_NASCITA, CE_CITTA_RESIDENZA) VALUES
('RSSGNN60A01H501N', 'Giovanni', 'Rossi',      DATE '1960-01-01', '058091', '058091');
INSERT INTO PERSONA (CF, NOME, COGNOME, DATA_NASCITA, CE_CITTA_NASCITA, CE_CITTA_RESIDENZA) VALUES
('VRDLRA65B02H501O', 'Laura',    'Verdi',      DATE '1965-02-02', '058091', '058091');
INSERT INTO PERSONA (CF, NOME, COGNOME, DATA_NASCITA, CE_CITTA_NASCITA, CE_CITTA_RESIDENZA) VALUES
('BNCGNN55C03H501P', 'Gianni',   'Bianchi',    DATE '1955-03-03', '058091', '058091');
INSERT INTO PERSONA (CF, NOME, COGNOME, DATA_NASCITA, CE_CITTA_NASCITA, CE_CITTA_RESIDENZA) VALUES
('MRTNTN70D04H501Q', 'Antonio',  'Morretti',   DATE '1970-04-04', '058091', '058091');
INSERT INTO PERSONA (CF, NOME, COGNOME, DATA_NASCITA, CE_CITTA_NASCITA, CE_CITTA_RESIDENZA) VALUES
('FNTSTL75E05H501R', 'Stefania', 'Fontana',    DATE '1975-05-05', '058091', '058091');
INSERT INTO PERSONA (CF, NOME, COGNOME, DATA_NASCITA, CE_CITTA_NASCITA, CE_CITTA_RESIDENZA) VALUES
('RSSMRA42H06H501S', 'Mario',    'Rossi',      DATE '1942-06-06', '058091', '058091');
INSERT INTO PERSONA (CF, NOME, COGNOME, DATA_NASCITA, CE_CITTA_NASCITA, CE_CITTA_RESIDENZA) VALUES
('BNCGLN38H07H501T', 'Giuliana', 'Bianchi',    DATE '1938-06-07', '058091', '058091');
INSERT INTO PERSONA (CF, NOME, COGNOME, DATA_NASCITA, CE_CITTA_NASCITA, CE_CITTA_RESIDENZA) VALUES
('VRDLUC35L08H501U', 'Luciana',  'Verdi',      DATE '1935-07-08', '058091', '058091');
INSERT INTO PERSONA (CF, NOME, COGNOME, DATA_NASCITA, CE_CITTA_NASCITA, CE_CITTA_RESIDENZA) VALUES
('NGRALS40P09H501V', 'Alessandro','Neri',      DATE '1940-09-09', '063049', '058091');
INSERT INTO PERSONA (CF, NOME, COGNOME, DATA_NASCITA, CE_CITTA_NASCITA, CE_CITTA_RESIDENZA) VALUES
('GLLMRZ39T10H501Z', 'Mario',    'Gialli',     DATE '1939-12-10', '058091', '058091');
INSERT INTO PERSONA (CF, NOME, COGNOME, DATA_NASCITA, CE_CITTA_NASCITA, CE_CITTA_RESIDENZA) VALUES
('MRTPLR41A11H501X', 'Paola',    'Marchetti',  DATE '1941-01-11', '058091', '058091');
INSERT INTO PERSONA (CF, NOME, COGNOME, DATA_NASCITA, CE_CITTA_NASCITA, CE_CITTA_RESIDENZA) VALUES
('FRRGNN43B12H501Y', 'Giovanna', 'Ferrari',    DATE '1943-02-12', '048017', '058091');
INSERT INTO PERSONA (CF, NOME, COGNOME, DATA_NASCITA, CE_CITTA_NASCITA, CE_CITTA_RESIDENZA) VALUES
('PLOSMN44C13H501Z', 'Simone',   'Polo',       DATE '1944-03-13', '037006', '058091');
INSERT INTO PERSONA (CF, NOME, COGNOME, DATA_NASCITA, CE_CITTA_NASCITA, CE_CITTA_RESIDENZA) VALUES
('BRBMTT36D14H501A', 'Matteo',   'Barbieri',   DATE '1936-04-14', '058091', '058091');
INSERT INTO PERSONA (CF, NOME, COGNOME, DATA_NASCITA, CE_CITTA_NASCITA, CE_CITTA_RESIDENZA) VALUES
('CSTGNN37E15H501B', 'Ginevra',  'Costa',      DATE '1937-05-15', '058091', '058091');

INSERT INTO ENTE (P_IVA, NOME_ENTE, CE_CITTA_SEDE) VALUES
('01234561005', 'Comune di Roma',         '058091');
INSERT INTO ENTE (P_IVA, NOME_ENTE, CE_CITTA_SEDE) VALUES
('02123471009', 'ASL Roma 1',             '058091');
INSERT INTO ENTE (P_IVA, NOME_ENTE, CE_CITTA_SEDE) VALUES
('03123481001', 'Regione Lazio',          '058091');
INSERT INTO ENTE (P_IVA, NOME_ENTE, CE_CITTA_SEDE) VALUES
('04123491004', 'Ministero della Salute', '058091');
INSERT INTO ENTE (P_IVA, NOME_ENTE, CE_CITTA_SEDE) VALUES
('05123401002', 'INPS',                   '058091');

INSERT INTO DOCUMENTO (CE_PERSONA_CF, CODICE_DOCUMENTO, CE_ENTE_PIVA, SCADENZA) VALUES
('VRDLCU75M15H501F', 'CA7654321', '01234561005', DATE '2030-08-15');
INSERT INTO DOCUMENTO (CE_PERSONA_CF, CODICE_DOCUMENTO, CE_ENTE_PIVA, SCADENZA) VALUES
('BNCMRA80A45H501G', 'CA1234987', '01234561005', DATE '2029-01-05');
INSERT INTO DOCUMENTO (CE_PERSONA_CF, CODICE_DOCUMENTO, CE_ENTE_PIVA, SCADENZA) VALUES
('RSSGPP82T12H501H', 'PA9876543', '02123471009', DATE '2028-12-12');
INSERT INTO DOCUMENTO (CE_PERSONA_CF, CODICE_DOCUMENTO, CE_ENTE_PIVA, SCADENZA) VALUES
('RSSGNN60A01H501N', 'CA4567890', '01234561005', DATE '2027-01-01');
INSERT INTO DOCUMENTO (CE_PERSONA_CF, CODICE_DOCUMENTO, CE_ENTE_PIVA, SCADENZA) VALUES
('RSSMRA42H06H501S', 'CA5432109', '01234561005', DATE '2026-06-06');
INSERT INTO DOCUMENTO (CE_PERSONA_CF, CODICE_DOCUMENTO, CE_ENTE_PIVA, SCADENZA) VALUES
('BNCGLN38H07H501T', 'CA1122334', '01234561005', DATE '2025-06-07');

INSERT INTO CONTRATTO (ID_CONTRATTO, TASSA_DETRATTA, PAGA_ORARIA, CE_TIPO_CONTRATTO) VALUES
('CTR001', 22.00, 22.50, 'INDETERMINATO');
INSERT INTO CONTRATTO (ID_CONTRATTO, TASSA_DETRATTA, PAGA_ORARIA, CE_TIPO_CONTRATTO) VALUES
('CTR002', 22.00, 18.00, 'INDETERMINATO');
INSERT INTO CONTRATTO (ID_CONTRATTO, TASSA_DETRATTA, PAGA_ORARIA, CE_TIPO_CONTRATTO) VALUES
('CTR003', 18.50, 14.50, 'PART-TIME');
INSERT INTO CONTRATTO (ID_CONTRATTO, TASSA_DETRATTA, PAGA_ORARIA, CE_TIPO_CONTRATTO) VALUES
('CTR004', 22.00, 16.00, 'DETERMINATO');

INSERT INTO PERSONALE (CE_PERSONA_CF, DATA_ASSUNZIONE, CE_TURNO, CE_CONTRATTO) VALUES
('VRDLCU75M15H501F', DATE '2010-09-01', 'MATTINA',    'CTR001');
INSERT INTO PERSONALE (CE_PERSONA_CF, DATA_ASSUNZIONE, CE_TURNO, CE_CONTRATTO) VALUES
('BNCMRA80A45H501G', DATE '2015-03-15', 'POMERIGGIO', 'CTR001');
INSERT INTO PERSONALE (CE_PERSONA_CF, DATA_ASSUNZIONE, CE_TURNO, CE_CONTRATTO) VALUES
('RSSGPP82T12H501H', DATE '2013-11-01', 'NOTTE',      'CTR002');
INSERT INTO PERSONALE (CE_PERSONA_CF, DATA_ASSUNZIONE, CE_TURNO, CE_CONTRATTO) VALUES
('CNTFRN90L15H501I', DATE '2018-06-01', 'MATTINA',    'CTR002');
INSERT INTO PERSONALE (CE_PERSONA_CF, DATA_ASSUNZIONE, CE_TURNO, CE_CONTRATTO) VALUES
('GRGMRC88B25H501L', DATE '2019-02-10', 'POMERIGGIO', 'CTR003');
INSERT INTO PERSONALE (CE_PERSONA_CF, DATA_ASSUNZIONE, CE_TURNO, CE_CONTRATTO) VALUES
('PLOMNL85E10H501M', DATE '2021-09-20', 'MATTINA',    'CTR004');

INSERT INTO MEDICO (CE_PERSONALE_CF, CE_SPECIALIZZAZIONE, NUMERO_ALBO) VALUES
('VRDLCU75M15H501F', 'GERIATRIA',   'RM12345');
INSERT INTO MEDICO (CE_PERSONALE_CF, CE_SPECIALIZZAZIONE, NUMERO_ALBO) VALUES
('BNCMRA80A45H501G', 'CARDIOLOGIA', 'RM23456');
INSERT INTO MEDICO (CE_PERSONALE_CF, CE_SPECIALIZZAZIONE, NUMERO_ALBO) VALUES
('RSSGPP82T12H501H', 'NEUROLOGIA',  'RM34567');

INSERT INTO OPERATORE (CE_PERSONALE_CF, CE_QUALIFICA) VALUES
('CNTFRN90L15H501I', 'INFERMIERE');
INSERT INTO OPERATORE (CE_PERSONALE_CF, CE_QUALIFICA) VALUES
('GRGMRC88B25H501L', 'OSS');
INSERT INTO OPERATORE (CE_PERSONALE_CF, CE_QUALIFICA) VALUES
('PLOMNL85E10H501M', 'INFERMIERE');

INSERT INTO REPARTO (ID_REPARTO, DENOMINAZIONE, CE_MEDICO_RESP) VALUES
('GERT', 'Geriatria',   'VRDLCU75M15H501F');
INSERT INTO REPARTO (ID_REPARTO, DENOMINAZIONE, CE_MEDICO_RESP) VALUES
('CARD', 'Cardiologia', 'BNCMRA80A45H501G');
INSERT INTO REPARTO (ID_REPARTO, DENOMINAZIONE, CE_MEDICO_RESP) VALUES
('NEUR', 'Neurologia',  'RSSGPP82T12H501H');

INSERT INTO CAMERA (ID_CAMERA, NUMERO_STANZA, PIANO, LETTI_TOTALI, CE_ID_REPARTO) VALUES
('GERT01', 101, 1, 2, 'GERT');
INSERT INTO CAMERA (ID_CAMERA, NUMERO_STANZA, PIANO, LETTI_TOTALI, CE_ID_REPARTO) VALUES
('GERT02', 102, 1, 3, 'GERT');
INSERT INTO CAMERA (ID_CAMERA, NUMERO_STANZA, PIANO, LETTI_TOTALI, CE_ID_REPARTO) VALUES
('CARD01', 201, 2, 1, 'CARD');
INSERT INTO CAMERA (ID_CAMERA, NUMERO_STANZA, PIANO, LETTI_TOTALI, CE_ID_REPARTO) VALUES
('CARD02', 202, 2, 2, 'CARD');
INSERT INTO CAMERA (ID_CAMERA, NUMERO_STANZA, PIANO, LETTI_TOTALI, CE_ID_REPARTO) VALUES
('NEUR01', 301, 3, 4, 'NEUR');

INSERT INTO RESIDENTE (CE_PERSONA_CF, CE_CAMERA, CE_MEDICO_CURANTE, DATA_INGRESSO, CE_STATO_SALUTE) VALUES
('RSSMRA42H06H501S', 'GERT01', 'VRDLCU75M15H501F', DATE '2023-01-10', 'STABILE');
INSERT INTO RESIDENTE (CE_PERSONA_CF, CE_CAMERA, CE_MEDICO_CURANTE, DATA_INGRESSO, CE_STATO_SALUTE) VALUES
('BNCGLN38H07H501T', 'GERT01', 'VRDLCU75M15H501F', DATE '2023-03-22', 'IN_OSSERVAZIONE');
INSERT INTO RESIDENTE (CE_PERSONA_CF, CE_CAMERA, CE_MEDICO_CURANTE, DATA_INGRESSO, CE_STATO_SALUTE) VALUES
('VRDLUC35L08H501U', 'GERT02', 'VRDLCU75M15H501F', DATE '2022-11-05', 'CRITICO');
INSERT INTO RESIDENTE (CE_PERSONA_CF, CE_CAMERA, CE_MEDICO_CURANTE, DATA_INGRESSO, CE_STATO_SALUTE) VALUES
('NGRALS40P09H501V', 'CARD01', 'BNCMRA80A45H501G', DATE '2024-02-01', 'TERMINALE');
INSERT INTO RESIDENTE (CE_PERSONA_CF, CE_CAMERA, CE_MEDICO_CURANTE, DATA_INGRESSO, CE_STATO_SALUTE) VALUES
('GLLMRZ39T10H501Z', 'CARD02', 'BNCMRA80A45H501G', DATE '2023-06-15', 'STABILE');
INSERT INTO RESIDENTE (CE_PERSONA_CF, CE_CAMERA, CE_MEDICO_CURANTE, DATA_INGRESSO, CE_STATO_SALUTE) VALUES
('MRTPLR41A11H501X', 'CARD02', 'BNCMRA80A45H501G', DATE '2024-05-10', 'STABILE');
INSERT INTO RESIDENTE (CE_PERSONA_CF, CE_CAMERA, CE_MEDICO_CURANTE, DATA_INGRESSO, CE_STATO_SALUTE) VALUES
('FRRGNN43B12H501Y', 'NEUR01', 'RSSGPP82T12H501H', DATE '2023-09-20', 'IN_OSSERVAZIONE');
INSERT INTO RESIDENTE (CE_PERSONA_CF, CE_CAMERA, CE_MEDICO_CURANTE, DATA_INGRESSO, CE_STATO_SALUTE) VALUES
('PLOSMN44C13H501Z', 'NEUR01', 'RSSGPP82T12H501H', DATE '2024-01-08', 'STABILE');
INSERT INTO RESIDENTE (CE_PERSONA_CF, CE_CAMERA, CE_MEDICO_CURANTE, DATA_INGRESSO, CE_STATO_SALUTE) VALUES
('BRBMTT36D14H501A', 'NEUR01', 'RSSGPP82T12H501H', DATE '2023-04-01', 'CRITICO');
INSERT INTO RESIDENTE (CE_PERSONA_CF, CE_CAMERA, CE_MEDICO_CURANTE, DATA_INGRESSO, CE_STATO_SALUTE) VALUES
('CSTGNN37E15H501B', 'NEUR01', 'RSSGPP82T12H501H', DATE '2024-07-22', 'STABILE');

INSERT INTO FARMACO (CODICE_AIC, NOME_FARMACO, DOSE, CE_FASCIA_ORARIA) VALUES
('AIC028919', 'Ramipril',          '5mg',    'MATTINA');
INSERT INTO FARMACO (CODICE_AIC, NOME_FARMACO, DOSE, CE_FASCIA_ORARIA) VALUES
('AIC027345', 'Metformina',        '850mg',  'MATTINA');
INSERT INTO FARMACO (CODICE_AIC, NOME_FARMACO, DOSE, CE_FASCIA_ORARIA) VALUES
('AIC026789', 'Donepezil',         '10mg',   'SERA');
INSERT INTO FARMACO (CODICE_AIC, NOME_FARMACO, DOSE, CE_FASCIA_ORARIA) VALUES
('AIC038912', 'Furosemide',        '25mg',   'MATTINA');
INSERT INTO FARMACO (CODICE_AIC, NOME_FARMACO, DOSE, CE_FASCIA_ORARIA) VALUES
('AIC045612', 'Bisoprololo',       '2.5mg',  'MATTINA');
INSERT INTO FARMACO (CODICE_AIC, NOME_FARMACO, DOSE, CE_FASCIA_ORARIA) VALUES
('AIC034567', 'Levodopa',          '250mg',  'MATTINA');
INSERT INTO FARMACO (CODICE_AIC, NOME_FARMACO, DOSE, CE_FASCIA_ORARIA) VALUES
('AIC029834', 'Clopidogrel',       '75mg',   'MATTINA');
INSERT INTO FARMACO (CODICE_AIC, NOME_FARMACO, DOSE, CE_FASCIA_ORARIA) VALUES
('AIC078912', 'Paracetamolo',      '500mg',  'POMERIGGIO');
INSERT INTO FARMACO (CODICE_AIC, NOME_FARMACO, DOSE, CE_FASCIA_ORARIA) VALUES
('AIC056789', 'Lorazepam',         '1mg',    'NOTTE');
INSERT INTO FARMACO (CODICE_AIC, NOME_FARMACO, DOSE, CE_FASCIA_ORARIA) VALUES
('AIC067890', 'Ossigeno terapia',  '2L/min', 'NOTTE');

INSERT INTO SOMMINISTRAZIONE (CE_RESIDENTE_CF, CE_FARMACO_AIC, CE_OPERATORE_CF, DATA_ORA_SOMM, CE_ESITO) VALUES
('RSSMRA42H06H501S', 'AIC028919', 'CNTFRN90L15H501I', TIMESTAMP '2025-02-03 08:15:00', 'ESEGUITO');
INSERT INTO SOMMINISTRAZIONE (CE_RESIDENTE_CF, CE_FARMACO_AIC, CE_OPERATORE_CF, DATA_ORA_SOMM, CE_ESITO) VALUES
('BNCGLN38H07H501T', 'AIC027345', 'CNTFRN90L15H501I', TIMESTAMP '2025-02-03 08:20:00', 'ESEGUITO');
INSERT INTO SOMMINISTRAZIONE (CE_RESIDENTE_CF, CE_FARMACO_AIC, CE_OPERATORE_CF, DATA_ORA_SOMM, CE_ESITO) VALUES
('VRDLUC35L08H501U', 'AIC026789', 'PLOMNL85E10H501M', TIMESTAMP '2025-02-03 20:00:00', 'POSTICIPATO');
INSERT INTO SOMMINISTRAZIONE (CE_RESIDENTE_CF, CE_FARMACO_AIC, CE_OPERATORE_CF, DATA_ORA_SOMM, CE_ESITO) VALUES
('NGRALS40P09H501V', 'AIC038912', 'PLOMNL85E10H501M', TIMESTAMP '2025-02-03 08:10:00', 'ESEGUITO');
INSERT INTO SOMMINISTRAZIONE (CE_RESIDENTE_CF, CE_FARMACO_AIC, CE_OPERATORE_CF, DATA_ORA_SOMM, CE_ESITO) VALUES
('GLLMRZ39T10H501Z', 'AIC045612', 'CNTFRN90L15H501I', TIMESTAMP '2025-02-03 08:30:00', 'ESEGUITO');
INSERT INTO SOMMINISTRAZIONE (CE_RESIDENTE_CF, CE_FARMACO_AIC, CE_OPERATORE_CF, DATA_ORA_SOMM, CE_ESITO) VALUES
('FRRGNN43B12H501Y', 'AIC034567', 'PLOMNL85E10H501M', TIMESTAMP '2025-02-03 08:00:00', 'ESEGUITO');
INSERT INTO SOMMINISTRAZIONE (CE_RESIDENTE_CF, CE_FARMACO_AIC, CE_OPERATORE_CF, DATA_ORA_SOMM, CE_ESITO) VALUES
('BRBMTT36D14H501A', 'AIC026789', 'GRGMRC88B25H501L', TIMESTAMP '2025-02-03 20:00:00', 'RIFIUTATO');
INSERT INTO SOMMINISTRAZIONE (CE_RESIDENTE_CF, CE_FARMACO_AIC, CE_OPERATORE_CF, DATA_ORA_SOMM, CE_ESITO) VALUES
('GLLMRZ39T10H501Z', 'AIC078912', 'GRGMRC88B25H501L', TIMESTAMP '2025-02-03 14:00:00', 'ESEGUITO');
INSERT INTO SOMMINISTRAZIONE (CE_RESIDENTE_CF, CE_FARMACO_AIC, CE_OPERATORE_CF, DATA_ORA_SOMM, CE_ESITO) VALUES
('CSTGNN37E15H501B', 'AIC078912', 'GRGMRC88B25H501L', TIMESTAMP '2025-02-03 14:05:00', 'ESEGUITO');
INSERT INTO SOMMINISTRAZIONE (CE_RESIDENTE_CF, CE_FARMACO_AIC, CE_OPERATORE_CF, DATA_ORA_SOMM, CE_ESITO) VALUES
('VRDLUC35L08H501U', 'AIC056789', 'GRGMRC88B25H501L', TIMESTAMP '2025-02-03 22:00:00', 'ESEGUITO');

INSERT INTO MALATTIA (CODICE_MALATTIA, NOME_MALATTIA, DESCRIZIONE_MALATTIA, LIVELLO_GRAVITA) VALUES
('I10',  'Ipertensione essenziale',       'Pressione arteriosa sistolica >= 140 mmHg', 2);
INSERT INTO MALATTIA (CODICE_MALATTIA, NOME_MALATTIA, DESCRIZIONE_MALATTIA, LIVELLO_GRAVITA) VALUES
('E11',  'Diabete mellito tipo 2',        'Iperglicemia cronica da resistenza insulinica', 3);
INSERT INTO MALATTIA (CODICE_MALATTIA, NOME_MALATTIA, DESCRIZIONE_MALATTIA, LIVELLO_GRAVITA) VALUES
('G30',  'Malattia di Alzheimer',         'DEC morse neurodegenerativa progressiva', 5);
INSERT INTO MALATTIA (CODICE_MALATTIA, NOME_MALATTIA, DESCRIZIONE_MALATTIA, LIVELLO_GRAVITA) VALUES
('I50',  'Scompenso cardiaco cronico',    'Insufficienza cardiaca congestizia', 4);
INSERT INTO MALATTIA (CODICE_MALATTIA, NOME_MALATTIA, DESCRIZIONE_MALATTIA, LIVELLO_GRAVITA) VALUES
('I25',  'Cardiopatia ischemica cronica', 'Aterosclerosi coronarica con angina stabile', 3);
INSERT INTO MALATTIA (CODICE_MALATTIA, NOME_MALATTIA, DESCRIZIONE_MALATTIA, LIVELLO_GRAVITA) VALUES
('G20',  'Morbo di Parkinson',            'Malattia neurodegenerativa extrapiramidale', 4);
INSERT INTO MALATTIA (CODICE_MALATTIA, NOME_MALATTIA, DESCRIZIONE_MALATTIA, LIVELLO_GRAVITA) VALUES
('I64',  'Ictus cerebrale',               'Evento cerebrovascolare con esiti', 4);
INSERT INTO MALATTIA (CODICE_MALATTIA, NOME_MALATTIA, DESCRIZIONE_MALATTIA, LIVELLO_GRAVITA) VALUES
('S72',  'Frattura del femore',           'Frattura del collo del femore da caduta', 3);
INSERT INTO MALATTIA (CODICE_MALATTIA, NOME_MALATTIA, DESCRIZIONE_MALATTIA, LIVELLO_GRAVITA) VALUES
('F03',  'Disturbo cognitivo non specificato', 'Declino cognitivo in esiti di vasculopatia', 3);
INSERT INTO MALATTIA (CODICE_MALATTIA, NOME_MALATTIA, DESCRIZIONE_MALATTIA, LIVELLO_GRAVITA) VALUES
('N18',  'Insufficienza renale cronica',  'Riduzione filtrazione glomerulare < 60ml/min', 3);

INSERT INTO PAI (CODICE_PAI, CE_RESIDENTE_CF, DATA_REDAZIONE, DATA_REVISIONE, DIAGNOSI, OBIETTIVI, TRATTAMENTO, RAGGIUNTO, DATA_DIMISSIONE_PAI) VALUES
('PAI001', 'RSSMRA42H06H501S', DATE '2023-01-15', DATE '2024-12-01',
 'Ipertensione essenziale (I10). Minima riduzione della mobilita.',
 'Mantenere autonomia nelle attivita quotidiane. Controllo pressorio.',
 'Ramipril 5mg die. Fisioterapia 2/settimana. Dieta iposodica.', 'N', NULL);
INSERT INTO PAI (CODICE_PAI, CE_RESIDENTE_CF, DATA_REDAZIONE, DATA_REVISIONE, DIAGNOSI, OBIETTIVI, TRATTAMENTO, RAGGIUNTO, DATA_DIMISSIONE_PAI) VALUES
('PAI002', 'BNCGLN38H07H501T', DATE '2023-03-28', DATE '2024-10-15',
 'Diabete mellito tipo 2 (E11). Ipertensione (I10). Obesita.',
 'Controllo glicemico. Calo ponderale. Prevenzione piede diabetico.',
 'Metformina 850mg die. Dieta diabetica. Controllo glicemia 3/die.', 'N', NULL);
INSERT INTO PAI (CODICE_PAI, CE_RESIDENTE_CF, DATA_REDAZIONE, DATA_REVISIONE, DIAGNOSI, OBIETTIVI, TRATTAMENTO, RAGGIUNTO, DATA_DIMISSIONE_PAI) VALUES
('PAI003', 'VRDLUC35L08H501U', DATE '2022-11-10', NULL,
 'Malattia di Alzheimer (G30) stadio moderato-severo. Disturbi comportamentali.',
 'Garantire sicurezza. Ridurre agitazione notturna.',
 'Donepezil 10mg die. Lorazepam 1mg alla notte al bisogno. Stimolazione cognitiva.', 'N', NULL);
INSERT INTO PAI (CODICE_PAI, CE_RESIDENTE_CF, DATA_REDAZIONE, DATA_REVISIONE, DIAGNOSI, OBIETTIVI, TRATTAMENTO, RAGGIUNTO, DATA_DIMISSIONE_PAI) VALUES
('PAI004', 'NGRALS40P09H501V', DATE '2024-02-05', DATE '2025-01-20',
 'Scompenso cardiaco cronico (I50) in fase terminale. Insufficienza renale cronica (N18).',
 'Controllo della dispnea. Gestione del dolore e dell ansia. Qualita di vita.',
 'Furosemide 25mg die. Ossigenoterapia notturna. Terapia palliativa.', 'N', NULL);
INSERT INTO PAI (CODICE_PAI, CE_RESIDENTE_CF, DATA_REDAZIONE, DATA_REVISIONE, DIAGNOSI, OBIETTIVI, TRATTAMENTO, RAGGIUNTO, DATA_DIMISSIONE_PAI) VALUES
('PAI005', 'GLLMRZ39T10H501Z', DATE '2023-06-20', DATE '2024-11-30',
 'Cardiopatia ischemica cronica (I25). Pregresso IMA nel 2021.',
 'Prevenzione secondaria. Controllo dei fattori di rischio.',
 'Bisoprololo 2.5mg die. Clopidogrel 75mg die. Dieta mediterranea.', 'N', NULL);
INSERT INTO PAI (CODICE_PAI, CE_RESIDENTE_CF, DATA_REDAZIONE, DATA_REVISIONE, DIAGNOSI, OBIETTIVI, TRATTAMENTO, RAGGIUNTO, DATA_DIMISSIONE_PAI) VALUES
('PAI006', 'MRTPLR41A11H501X', DATE '2024-05-15', NULL,
 'Ipertensione essenziale (I10). Osteoporosi.',
 'Controllo pressorio. Prevenzione cadute.',
 'Ramipril 5mg die. Integratori di calcio e vitamina D. Fisioterapia.', 'N', NULL);
INSERT INTO PAI (CODICE_PAI, CE_RESIDENTE_CF, DATA_REDAZIONE, DATA_REVISIONE, DIAGNOSI, OBIETTIVI, TRATTAMENTO, RAGGIUNTO, DATA_DIMISSIONE_PAI) VALUES
('PAI007', 'FRRGNN43B12H501Y', DATE '2023-09-25', DATE '2024-08-15',
 'Morbo di Parkinson (G20). Disturbi del movimento e dell equilibrio.',
 'Mantenere la deambulazione assistita. Ridurre le cadute.',
 'Levodopa 250mg 3/die. Fisioterapia motoria quotidiana.', 'N', NULL);
INSERT INTO PAI (CODICE_PAI, CE_RESIDENTE_CF, DATA_REDAZIONE, DATA_REVISIONE, DIAGNOSI, OBIETTIVI, TRATTAMENTO, RAGGIUNTO, DATA_DIMISSIONE_PAI) VALUES
('PAI008', 'PLOSMN44C13H501Z', DATE '2024-01-15', DATE '2024-12-20',
 'Esiti di ictus cerebrale (I64) con emiparesi sinistra e afasia motoria.',
 'Recupero funzionale. Rieducazione del linguaggio.',
 'Fisioterapia e logopedia 5/settimana. Clopidogrel 75mg die.', 'N', NULL);
INSERT INTO PAI (CODICE_PAI, CE_RESIDENTE_CF, DATA_REDAZIONE, DATA_REVISIONE, DIAGNOSI, OBIETTIVI, TRATTAMENTO, RAGGIUNTO, DATA_DIMISSIONE_PAI) VALUES
('PAI009', 'BRBMTT36D14H501A', DATE '2023-04-10', DATE '2025-01-10',
 'Malattia di Alzheimer (G30) stadio avanzato. Disturbi del comportamento.',
 'Cura della persona. Prevenzione lesioni da decubito. Alimentazione assistita.',
 'Donepezil 10mg. Controllo del dolore. Cura della cute e mobilizzazione.', 'N', NULL);
INSERT INTO PAI (CODICE_PAI, CE_RESIDENTE_CF, DATA_REDAZIONE, DATA_REVISIONE, DIAGNOSI, OBIETTIVI, TRATTAMENTO, RAGGIUNTO, DATA_DIMISSIONE_PAI) VALUES
('PAI010', 'CSTGNN37E15H501B', DATE '2024-07-30', NULL,
 'Frattura del femore (S72) post caduta accidentale. Osteoporosi.',
 'Recupero della mobilita. Ripresa della deambulazione con ausili.',
 'Intervento di osteosintesi (08/2024). Fisioterapia intensiva. Calcio.', 'N', NULL);

INSERT INTO DIETA (NOME_DIETA, CE_TIPOLOGIA, PATOLOGIA_EXTRA) VALUES
('Mediterranea','STANDARD',    NULL);
INSERT INTO DIETA (NOME_DIETA, CE_TIPOLOGIA, PATOLOGIA_EXTRA) VALUES
('Iposodica',   'IPOCALORICA','Ipertensione, scompenso cardiaco');
INSERT INTO DIETA (NOME_DIETA, CE_TIPOLOGIA, PATOLOGIA_EXTRA) VALUES
('Diabetica',   'DIABETICA',  'Diabete mellito tipo 2');
INSERT INTO DIETA (NOME_DIETA, CE_TIPOLOGIA, PATOLOGIA_EXTRA) VALUES
('Triturata',   'STANDARD',   'DEC masticazione/deglutizione');
INSERT INTO DIETA (NOME_DIETA, CE_TIPOLOGIA, PATOLOGIA_EXTRA) VALUES
('Iperproteica','STANDARD',   'Malnutrizione, piaghe da decubito');

INSERT INTO AZIENDA_ESTERNA (P_IVA, NOME_AZIENDA, SEDE_LEGALE, SEDE_OPERATIVA) VALUES
('09876541001', 'Pulizie Roma Servizi Srl',    'Via Tuscolana 150, Roma', 'Via Tuscolana 150, Roma');
INSERT INTO AZIENDA_ESTERNA (P_IVA, NOME_AZIENDA, SEDE_LEGALE, SEDE_OPERATIVA) VALUES
('08765432004', 'Ristorazione Anziani SpA',    'Via Nomentana 300, Roma','Via Nomentana 300, Roma');
INSERT INTO AZIENDA_ESTERNA (P_IVA, NOME_AZIENDA, SEDE_LEGALE, SEDE_OPERATIVA) VALUES
('07654321003', 'Manutenzioni e Impianti Srl', 'Via Tiburtina 500, Roma','Via Tiburtina 500, Roma');
INSERT INTO AZIENDA_ESTERNA (P_IVA, NOME_AZIENDA, SEDE_LEGALE, SEDE_OPERATIVA) VALUES
('06543210007', 'Pulizie Lazio Societa Cooperativa', 'Via Cassia 200, Roma','Via Cassia 200, Roma');
INSERT INTO AZIENDA_ESTERNA (P_IVA, NOME_AZIENDA, SEDE_LEGALE, SEDE_OPERATIVA) VALUES
('05432109006', 'Catering e Ristorazione Roma Srl', 'Via Aurelia 180, Roma','Via Aurelia 180, Roma');

INSERT INTO DITTA_PULIZIA (CE_PIVA) VALUES ('09876541001');
INSERT INTO DITTA_PULIZIA (CE_PIVA) VALUES ('06543210007');

INSERT INTO DITTA_RISTORANTE (CE_PIVA, CE_TIPO_CUOCO) VALUES ('08765432004', 'ITALIANO');
INSERT INTO DITTA_RISTORANTE (CE_PIVA, CE_TIPO_CUOCO) VALUES ('05432109006', 'ITALIANO');

INSERT INTO DITTA_MANUTENZIONE (CE_PIVA, CE_SETTORE) VALUES ('07654321003', 'ELETTRICO_IDRAULICO');

INSERT INTO MANUTENZIONE (ID_INTERVENTO, CE_DITTA_PIVA, CE_STATO, DATA_INIZIO_INTERVENTO, DESCRIZIONE_GUASTO, COSTO) VALUES
('MAN2025-001', '07654321003', 'COMPLETATO', DATE '2025-01-08',
 'Guasto impianto elettrico piano terra: interruttore generale saltato.', 1200.00);
INSERT INTO MANUTENZIONE (ID_INTERVENTO, CE_DITTA_PIVA, CE_STATO, DATA_INIZIO_INTERVENTO, DESCRIZIONE_GUASTO, COSTO) VALUES
('MAN2025-002', '07654321003', 'IN_CORSO',   DATE '2025-01-27',
 'Perdita acqua dai bagni camere GERT01 e GERT02: sostituzione tubature.', 1850.00);
INSERT INTO MANUTENZIONE (ID_INTERVENTO, CE_DITTA_PIVA, CE_STATO, DATA_INIZIO_INTERVENTO, DESCRIZIONE_GUASTO, COSTO) VALUES
('MAN2025-003', '07654321003', 'PIANIFICATO',DATE '2025-02-10',
 'Manutenzione ordinaria caldaia centralizzata prima scadenza annuale.', 950.00);

INSERT INTO PRENOTAZIONE (CODICE_PRENOTAZIONE, CE_CAMERA, CE_RESIDENTE_CF, DATA_PRENOTAZIONE, CF_PRENOTATORE, DESCRIZIONE_PRENOTAZIONE, DATA_DIMISSIONE_PREVISTA, GIORNO_PRENOTAZIONE, ORA_INIZIO_PRENOTAZIONE, ORA_FINE_PRENOTAZIONE) VALUES
('PRE2025-001', 'GERT01', 'RSSMRA42H06H501S', DATE '2025-01-28', 'VRDLCU75M15H501F',
 'Visita geriatrica di controllo programmata.', NULL,
 DATE '2025-02-05', TIMESTAMP '2025-02-05 10:00:00', TIMESTAMP '2025-02-05 10:30:00');
INSERT INTO PRENOTAZIONE (CODICE_PRENOTAZIONE, CE_CAMERA, CE_RESIDENTE_CF, DATA_PRENOTAZIONE, CF_PRENOTATORE, DESCRIZIONE_PRENOTAZIONE, DATA_DIMISSIONE_PREVISTA, GIORNO_PRENOTAZIONE, ORA_INIZIO_PRENOTAZIONE, ORA_FINE_PRENOTAZIONE) VALUES
('PRE2025-002', 'NEUR01', 'BRBMTT36D14H501A', DATE '2025-01-30', 'RSSGPP82T12H501H',
 'Valutazione neurologica aggravamento DEC.', NULL,
 DATE '2025-02-06', TIMESTAMP '2025-02-06 14:00:00', TIMESTAMP '2025-02-06 15:00:00');
INSERT INTO PRENOTAZIONE (CODICE_PRENOTAZIONE, CE_CAMERA, CE_RESIDENTE_CF, DATA_PRENOTAZIONE, CF_PRENOTATORE, DESCRIZIONE_PRENOTAZIONE, DATA_DIMISSIONE_PREVISTA, GIORNO_PRENOTAZIONE, ORA_INIZIO_PRENOTAZIONE, ORA_FINE_PRENOTAZIONE) VALUES
('PRE2025-003', 'NEUR01', 'CSTGNN37E15H501B', DATE '2025-01-25', 'RSSGPP82T12H501H',
 'Controllo post-operatorio frattura femore.', NULL,
 DATE '2025-02-03', TIMESTAMP '2025-02-03 11:00:00', TIMESTAMP '2025-02-03 11:30:00');
INSERT INTO PRENOTAZIONE (CODICE_PRENOTAZIONE, CE_CAMERA, CE_RESIDENTE_CF, DATA_PRENOTAZIONE, CF_PRENOTATORE, DESCRIZIONE_PRENOTAZIONE, DATA_DIMISSIONE_PREVISTA, GIORNO_PRENOTAZIONE, ORA_INIZIO_PRENOTAZIONE, ORA_FINE_PRENOTAZIONE) VALUES
('PRE2025-004', 'CARD01', 'NGRALS40P09H501V', DATE '2025-01-20', 'BNCMRA80A45H501G',
 'Valutazione cardiologica urgente per aggravamento dispnea.', NULL,
 DATE '2025-02-03', TIMESTAMP '2025-02-03 15:00:00', TIMESTAMP '2025-02-03 15:45:00');
INSERT INTO PRENOTAZIONE (CODICE_PRENOTAZIONE, CE_CAMERA, CE_RESIDENTE_CF, DATA_PRENOTAZIONE, CF_PRENOTATORE, DESCRIZIONE_PRENOTAZIONE, DATA_DIMISSIONE_PREVISTA, GIORNO_PRENOTAZIONE, ORA_INIZIO_PRENOTAZIONE, ORA_FINE_PRENOTAZIONE) VALUES
('PRE2025-005', NULL, NULL, DATE '2025-01-15', 'RSSGNN60A01H501N',
 'Richiesta visita Giovanni Rossi, figlio della sig.ra Verdi Luciana.', NULL,
 DATE '2025-02-07', TIMESTAMP '2025-02-07 09:00:00', TIMESTAMP '2025-02-07 09:30:00');

INSERT INTO TURNO (ID_TURNO, CE_PERSONALE_CF, GIORNO_TURNO, ORA_INIZIO_TURNO, ORA_FINE_TURNO) VALUES
('TRN2025-001', 'VRDLCU75M15H501F', DATE '2025-02-03', TIMESTAMP '2025-02-03 07:00:00', TIMESTAMP '2025-02-03 14:00:00');
INSERT INTO TURNO (ID_TURNO, CE_PERSONALE_CF, GIORNO_TURNO, ORA_INIZIO_TURNO, ORA_FINE_TURNO) VALUES
('TRN2025-002', 'CNTFRN90L15H501I', DATE '2025-02-03', TIMESTAMP '2025-02-03 07:00:00', TIMESTAMP '2025-02-03 14:00:00');
INSERT INTO TURNO (ID_TURNO, CE_PERSONALE_CF, GIORNO_TURNO, ORA_INIZIO_TURNO, ORA_FINE_TURNO) VALUES
('TRN2025-003', 'PLOMNL85E10H501M', DATE '2025-02-03', TIMESTAMP '2025-02-03 07:00:00', TIMESTAMP '2025-02-03 14:00:00');
INSERT INTO TURNO (ID_TURNO, CE_PERSONALE_CF, GIORNO_TURNO, ORA_INIZIO_TURNO, ORA_FINE_TURNO) VALUES
('TRN2025-004', 'BNCMRA80A45H501G', DATE '2025-02-03', TIMESTAMP '2025-02-03 14:00:00', TIMESTAMP '2025-02-03 22:00:00');
INSERT INTO TURNO (ID_TURNO, CE_PERSONALE_CF, GIORNO_TURNO, ORA_INIZIO_TURNO, ORA_FINE_TURNO) VALUES
('TRN2025-005', 'GRGMRC88B25H501L', DATE '2025-02-03', TIMESTAMP '2025-02-03 14:00:00', TIMESTAMP '2025-02-03 22:00:00');
INSERT INTO TURNO (ID_TURNO, CE_PERSONALE_CF, GIORNO_TURNO, ORA_INIZIO_TURNO, ORA_FINE_TURNO) VALUES
('TRN2025-006', 'RSSGPP82T12H501H', DATE '2025-02-03', TIMESTAMP '2025-02-03 22:00:00', TIMESTAMP '2025-02-04 07:00:00');

INSERT INTO PARENTE (CE_PERSONA_CF) VALUES ('RSSGNN60A01H501N');
INSERT INTO PARENTE (CE_PERSONA_CF) VALUES ('VRDLRA65B02H501O');
INSERT INTO PARENTE (CE_PERSONA_CF) VALUES ('BNCGNN55C03H501P');
INSERT INTO PARENTE (CE_PERSONA_CF) VALUES ('MRTNTN70D04H501Q');
INSERT INTO PARENTE (CE_PERSONA_CF) VALUES ('FNTSTL75E05H501R');

INSERT INTO TUTORE (CE_PARENTE_CF) VALUES ('RSSGNN60A01H501N');
INSERT INTO TUTORE (CE_PARENTE_CF) VALUES ('BNCGNN55C03H501P');

INSERT INTO GESTISCE (CE_REPARTO, CE_MEDICO_CF, DATA_INIZIO_GESTIONE) VALUES
('GERT', 'VRDLCU75M15H501F', DATE '2010-09-01');
INSERT INTO GESTISCE (CE_REPARTO, CE_MEDICO_CF, DATA_INIZIO_GESTIONE) VALUES
('CARD', 'BNCMRA80A45H501G', DATE '2015-03-15');
INSERT INTO GESTISCE (CE_REPARTO, CE_MEDICO_CF, DATA_INIZIO_GESTIONE) VALUES
('NEUR', 'RSSGPP82T12H501H', DATE '2013-11-01');

INSERT INTO ALLOGGIA (CE_RESIDENTE_CF, CE_CAMERA, DATA_ASSEGNAZIONE) VALUES
('RSSMRA42H06H501S', 'GERT01', DATE '2023-01-10');
INSERT INTO ALLOGGIA (CE_RESIDENTE_CF, CE_CAMERA, DATA_ASSEGNAZIONE) VALUES
('BNCGLN38H07H501T', 'GERT01', DATE '2023-03-22');
INSERT INTO ALLOGGIA (CE_RESIDENTE_CF, CE_CAMERA, DATA_ASSEGNAZIONE) VALUES
('VRDLUC35L08H501U', 'GERT02', DATE '2022-11-05');
INSERT INTO ALLOGGIA (CE_RESIDENTE_CF, CE_CAMERA, DATA_ASSEGNAZIONE) VALUES
('NGRALS40P09H501V', 'CARD01', DATE '2024-02-01');
INSERT INTO ALLOGGIA (CE_RESIDENTE_CF, CE_CAMERA, DATA_ASSEGNAZIONE) VALUES
('GLLMRZ39T10H501Z', 'CARD02', DATE '2023-06-15');
INSERT INTO ALLOGGIA (CE_RESIDENTE_CF, CE_CAMERA, DATA_ASSEGNAZIONE) VALUES
('MRTPLR41A11H501X', 'CARD02', DATE '2024-05-10');
INSERT INTO ALLOGGIA (CE_RESIDENTE_CF, CE_CAMERA, DATA_ASSEGNAZIONE) VALUES
('FRRGNN43B12H501Y', 'NEUR01', DATE '2023-09-20');
INSERT INTO ALLOGGIA (CE_RESIDENTE_CF, CE_CAMERA, DATA_ASSEGNAZIONE) VALUES
('PLOSMN44C13H501Z', 'NEUR01', DATE '2024-01-08');
INSERT INTO ALLOGGIA (CE_RESIDENTE_CF, CE_CAMERA, DATA_ASSEGNAZIONE) VALUES
('BRBMTT36D14H501A', 'NEUR01', DATE '2023-04-01');
INSERT INTO ALLOGGIA (CE_RESIDENTE_CF, CE_CAMERA, DATA_ASSEGNAZIONE) VALUES
('CSTGNN37E15H501B', 'NEUR01', DATE '2024-07-22');

INSERT INTO SOFFRE (CE_RESIDENTE_CF, CE_MALATTIA) VALUES ('RSSMRA42H06H501S', 'I10');
INSERT INTO SOFFRE (CE_RESIDENTE_CF, CE_MALATTIA) VALUES ('BNCGLN38H07H501T', 'E11');
INSERT INTO SOFFRE (CE_RESIDENTE_CF, CE_MALATTIA) VALUES ('BNCGLN38H07H501T', 'I10');
INSERT INTO SOFFRE (CE_RESIDENTE_CF, CE_MALATTIA) VALUES ('VRDLUC35L08H501U', 'G30');
INSERT INTO SOFFRE (CE_RESIDENTE_CF, CE_MALATTIA) VALUES ('NGRALS40P09H501V', 'I50');
INSERT INTO SOFFRE (CE_RESIDENTE_CF, CE_MALATTIA) VALUES ('NGRALS40P09H501V', 'N18');
INSERT INTO SOFFRE (CE_RESIDENTE_CF, CE_MALATTIA) VALUES ('GLLMRZ39T10H501Z', 'I25');
INSERT INTO SOFFRE (CE_RESIDENTE_CF, CE_MALATTIA) VALUES ('MRTPLR41A11H501X', 'I10');
INSERT INTO SOFFRE (CE_RESIDENTE_CF, CE_MALATTIA) VALUES ('FRRGNN43B12H501Y', 'G20');
INSERT INTO SOFFRE (CE_RESIDENTE_CF, CE_MALATTIA) VALUES ('PLOSMN44C13H501Z', 'I64');
INSERT INTO SOFFRE (CE_RESIDENTE_CF, CE_MALATTIA) VALUES ('BRBMTT36D14H501A', 'G30');
INSERT INTO SOFFRE (CE_RESIDENTE_CF, CE_MALATTIA) VALUES ('CSTGNN37E15H501B', 'S72');

INSERT INTO SEGUE (CE_RESIDENTE_CF, CE_DIETA, DATA_INIZIO_DIETA) VALUES
('RSSMRA42H06H501S', 'Iposodica',   DATE '2023-01-15');
INSERT INTO SEGUE (CE_RESIDENTE_CF, CE_DIETA, DATA_INIZIO_DIETA) VALUES
('BNCGLN38H07H501T', 'Diabetica',   DATE '2023-03-28');
INSERT INTO SEGUE (CE_RESIDENTE_CF, CE_DIETA, DATA_INIZIO_DIETA) VALUES
('VRDLUC35L08H501U', 'Triturata',   DATE '2024-06-01');
INSERT INTO SEGUE (CE_RESIDENTE_CF, CE_DIETA, DATA_INIZIO_DIETA) VALUES
('NGRALS40P09H501V', 'Iposodica',   DATE '2024-02-05');
INSERT INTO SEGUE (CE_RESIDENTE_CF, CE_DIETA, DATA_INIZIO_DIETA) VALUES
('GLLMRZ39T10H501Z', 'Mediterranea',DATE '2023-06-20');
INSERT INTO SEGUE (CE_RESIDENTE_CF, CE_DIETA, DATA_INIZIO_DIETA) VALUES
('MRTPLR41A11H501X', 'Mediterranea',DATE '2024-05-15');
INSERT INTO SEGUE (CE_RESIDENTE_CF, CE_DIETA, DATA_INIZIO_DIETA) VALUES
('FRRGNN43B12H501Y', 'Mediterranea',DATE '2023-09-25');
INSERT INTO SEGUE (CE_RESIDENTE_CF, CE_DIETA, DATA_INIZIO_DIETA) VALUES
('PLOSMN44C13H501Z', 'Iperproteica',DATE '2024-01-15');
INSERT INTO SEGUE (CE_RESIDENTE_CF, CE_DIETA, DATA_INIZIO_DIETA) VALUES
('BRBMTT36D14H501A', 'Triturata',   DATE '2024-08-01');
INSERT INTO SEGUE (CE_RESIDENTE_CF, CE_DIETA, DATA_INIZIO_DIETA) VALUES
('CSTGNN37E15H501B', 'Iperproteica',DATE '2024-07-30');

INSERT INTO FORNISCE (CE_DIETA, CE_DITTA_PIVA) VALUES ('Mediterranea', '08765432004');
INSERT INTO FORNISCE (CE_DIETA, CE_DITTA_PIVA) VALUES ('Iposodica',    '08765432004');
INSERT INTO FORNISCE (CE_DIETA, CE_DITTA_PIVA) VALUES ('Diabetica',    '05432109006');
INSERT INTO FORNISCE (CE_DIETA, CE_DITTA_PIVA) VALUES ('Triturata',    '08765432004');
INSERT INTO FORNISCE (CE_DIETA, CE_DITTA_PIVA) VALUES ('Iperproteica', '05432109006');

INSERT INTO PULISCE (CE_CAMERA, CE_DITTA_PIVA, CE_GIORNO) VALUES
('GERT01', '09876541001', 'LUNEDI');
INSERT INTO PULISCE (CE_CAMERA, CE_DITTA_PIVA, CE_GIORNO) VALUES
('GERT02', '09876541001', 'LUNEDI');
INSERT INTO PULISCE (CE_CAMERA, CE_DITTA_PIVA, CE_GIORNO) VALUES
('CARD01', '06543210007', 'MARTEDI');
INSERT INTO PULISCE (CE_CAMERA, CE_DITTA_PIVA, CE_GIORNO) VALUES
('CARD02', '06543210007', 'MARTEDI');
INSERT INTO PULISCE (CE_CAMERA, CE_DITTA_PIVA, CE_GIORNO) VALUES
('NEUR01', '06543210007', 'MERCOLEDI');

INSERT INTO EFFETTUA (CE_INTERVENTO, CE_DITTA_PIVA) VALUES ('MAN2025-001', '07654321003');
INSERT INTO EFFETTUA (CE_INTERVENTO, CE_DITTA_PIVA) VALUES ('MAN2025-002', '07654321003');
INSERT INTO EFFETTUA (CE_INTERVENTO, CE_DITTA_PIVA) VALUES ('MAN2025-003', '07654321003');

INSERT INTO RICHIEDE (CE_PRENOTAZIONE, CE_PERSONA_CF, CE_CODICE_DOC) VALUES
('PRE2025-001', 'VRDLCU75M15H501F', 'CA7654321');
INSERT INTO RICHIEDE (CE_PRENOTAZIONE, CE_PERSONA_CF, CE_CODICE_DOC) VALUES
('PRE2025-002', 'RSSGPP82T12H501H', 'PA9876543');
INSERT INTO RICHIEDE (CE_PRENOTAZIONE, CE_PERSONA_CF, CE_CODICE_DOC) VALUES
('PRE2025-005', 'RSSGNN60A01H501N', 'CA4567890');

INSERT INTO COMPILA (CE_PAI, CE_MEDICO_CF) VALUES ('PAI001', 'VRDLCU75M15H501F');
INSERT INTO COMPILA (CE_PAI, CE_MEDICO_CF) VALUES ('PAI002', 'VRDLCU75M15H501F');
INSERT INTO COMPILA (CE_PAI, CE_MEDICO_CF) VALUES ('PAI003', 'VRDLCU75M15H501F');
INSERT INTO COMPILA (CE_PAI, CE_MEDICO_CF) VALUES ('PAI004', 'BNCMRA80A45H501G');
INSERT INTO COMPILA (CE_PAI, CE_MEDICO_CF) VALUES ('PAI005', 'BNCMRA80A45H501G');
INSERT INTO COMPILA (CE_PAI, CE_MEDICO_CF) VALUES ('PAI006', 'BNCMRA80A45H501G');
INSERT INTO COMPILA (CE_PAI, CE_MEDICO_CF) VALUES ('PAI007', 'RSSGPP82T12H501H');
INSERT INTO COMPILA (CE_PAI, CE_MEDICO_CF) VALUES ('PAI008', 'RSSGPP82T12H501H');
INSERT INTO COMPILA (CE_PAI, CE_MEDICO_CF) VALUES ('PAI009', 'RSSGPP82T12H501H');
INSERT INTO COMPILA (CE_PAI, CE_MEDICO_CF) VALUES ('PAI010', 'RSSGPP82T12H501H');

INSERT INTO RAPPRESENTA (CE_TUTORE_CF, CE_PARENTE_CF) VALUES
('RSSGNN60A01H501N', 'VRDLRA65B02H501O');
INSERT INTO RAPPRESENTA (CE_TUTORE_CF, CE_PARENTE_CF) VALUES
('BNCGNN55C03H501P', 'MRTNTN70D04H501Q');

INSERT INTO VISITA (CE_MEDICO_CF, CE_RESIDENTE_CF, GIORNO_VISITA, ORA_INGRESSO, ORA_USCITA) VALUES
('VRDLCU75M15H501F', 'RSSMRA42H06H501S', DATE '2025-02-03', TIMESTAMP '2025-02-03 09:00:00', TIMESTAMP '2025-02-03 09:25:00');
INSERT INTO VISITA (CE_MEDICO_CF, CE_RESIDENTE_CF, GIORNO_VISITA, ORA_INGRESSO, ORA_USCITA) VALUES
('VRDLCU75M15H501F', 'BNCGLN38H07H501T', DATE '2025-02-03', TIMESTAMP '2025-02-03 09:30:00', TIMESTAMP '2025-02-03 10:00:00');
INSERT INTO VISITA (CE_MEDICO_CF, CE_RESIDENTE_CF, GIORNO_VISITA, ORA_INGRESSO, ORA_USCITA) VALUES
('VRDLCU75M15H501F', 'VRDLUC35L08H501U', DATE '2025-02-03', TIMESTAMP '2025-02-03 10:15:00', TIMESTAMP '2025-02-03 10:40:00');
INSERT INTO VISITA (CE_MEDICO_CF, CE_RESIDENTE_CF, GIORNO_VISITA, ORA_INGRESSO, ORA_USCITA) VALUES
('BNCMRA80A45H501G', 'NGRALS40P09H501V', DATE '2025-02-03', TIMESTAMP '2025-02-03 15:00:00', TIMESTAMP '2025-02-03 15:30:00');
INSERT INTO VISITA (CE_MEDICO_CF, CE_RESIDENTE_CF, GIORNO_VISITA, ORA_INGRESSO, ORA_USCITA) VALUES
('BNCMRA80A45H501G', 'GLLMRZ39T10H501Z', DATE '2025-02-03', TIMESTAMP '2025-02-03 15:45:00', NULL);
INSERT INTO VISITA (CE_MEDICO_CF, CE_RESIDENTE_CF, GIORNO_VISITA, ORA_INGRESSO, ORA_USCITA) VALUES
('BNCMRA80A45H501G', 'MRTPLR41A11H501X', DATE '2025-02-04', TIMESTAMP '2025-02-04 09:00:00', TIMESTAMP '2025-02-04 09:20:00');
INSERT INTO VISITA (CE_MEDICO_CF, CE_RESIDENTE_CF, GIORNO_VISITA, ORA_INGRESSO, ORA_USCITA) VALUES
('RSSGPP82T12H501H', 'FRRGNN43B12H501Y', DATE '2025-02-03', TIMESTAMP '2025-02-03 11:00:00', TIMESTAMP '2025-02-03 11:30:00');
INSERT INTO VISITA (CE_MEDICO_CF, CE_RESIDENTE_CF, GIORNO_VISITA, ORA_INGRESSO, ORA_USCITA) VALUES
('RSSGPP82T12H501H', 'PLOSMN44C13H501Z', DATE '2025-02-03', TIMESTAMP '2025-02-03 11:45:00', TIMESTAMP '2025-02-03 12:15:00');
INSERT INTO VISITA (CE_MEDICO_CF, CE_RESIDENTE_CF, GIORNO_VISITA, ORA_INGRESSO, ORA_USCITA) VALUES
('RSSGPP82T12H501H', 'BRBMTT36D14H501A', DATE '2025-02-03', TIMESTAMP '2025-02-03 14:30:00', TIMESTAMP '2025-02-03 15:00:00');
INSERT INTO VISITA (CE_MEDICO_CF, CE_RESIDENTE_CF, GIORNO_VISITA, ORA_INGRESSO, ORA_USCITA) VALUES
('RSSGPP82T12H501H', 'CSTGNN37E15H501B', DATE '2025-02-04', TIMESTAMP '2025-02-04 10:00:00', TIMESTAMP '2025-02-04 10:25:00');
